sample_index,P,K,Mg,pH
0,45.1,188.0,179.0,7.2
1,44.8,205.0,188.0,7.0
2,44.4,207.0,145.0,6.8
3,46.5,204.0,143.0,6.8
4,52.0,212.0,167.0,6.7
5,50.1,206.0,184.0,6.8
6,66.5,194.0,150.0,7.0
7,67.4,199.0,149.0,7.1
8,76.2,202.0,151.0,7.1
9,74.3,219.0,164.0,7.2
10,74.3,215.0,142.0,7.2
11,57.5,185.0,123.0,7.2
12,47.5,212.0,182.0,6.7
13,44.5,204.0,176.0,6.7
14,54.6,237.0,170.0,6.7
15,47.9,221.0,163.0,6.8
16,70.4,235.0,153.0,7.0
17,69.1,228.0,130.0,7.3
18,74.8,239.0,140.0,7.4
19,69.5,239.0,138.0,7.4
20,70.5,232.0,138.0,7.3
21,62.8,207.0,147.0,7.1
22,62.5,213.0,143.0,7.1
23,72.9,262.0,178.0,6.9
24,61.9,209.0,153.0,7.2
25,70.3,194.0,128.0,7.2
26,80.5,205.0,129.0,7.4
27,86.8,215.0,132.0,7.4
28,78.0,202.0,141.0,7.3
29,66.9,176.0,115.0,7.3
30,63.5,201.0,121.0,7.4
31,79.2,190.0,116.0,7.2
32,66.1,195.0,134.0,7.2
33,77.8,227.0,136.0,7.3
34,74.5,209.0,130.0,7.4
35,78.5,234.0,152.0,7.4
36,103.0,246.0,154.0,7.4
37,98.6,251.0,162.0,7.4
38,101.0,285.0,186.0,7.3
39,66.5,216.0,114.0,6.9
40,68.6,204.0,114.0,7.3
41,79.7,217.0,131.0,7.2
42,76.0,243.0,155.0,7.1
43,123.0,255.0,175.0,7.3
44,85.1,197.0,212.0,7.2
45,60.0,239.0,153.0,7.0
46,105.0,226.0,124.0,7.0
47,86.3,229.0,134.0,7.0
48,64.1,231.0,130.0,7.2
49,83.8,220.0,124.0,7.0
50,58.3,253.0,123.0,7.0
51,91.3,240.0,148.0,7.2
52,58.7,237.0,186.0,7.1
53,82.0,215.0,147.0,7.1
54,90.7,236.0,133.0,7.1
55,104.0,226.0,128.0,7.0
56,76.5,228.0,136.0,7.4
57,67.8,225.0,150.0,7.2
58,86.7,209.0,147.0,7.0
59,58.4,172.0,136.0,6.7
60,84.5,212.0,83.5,7.5
61,93.2,176.0,100.0,7.4
62,185.0,234.0,123.0,7.3
63,95.6,234.0,126.0,7.0
64,63.0,174.0,125.0,7.0
65,112.0,225.0,125.0,7.0
66,97.4,228.0,144.0,7.2
67,69.2,241.0,124.0,7.1
68,61.6,198.0,136.0,7.3
69,119.0,207.0,105.0,7.2
70,101.0,218.0,113.0,7.2
71,49.7,199.0,141.0,7.4
72,54.6,190.0,130.0,7.2
73,83.9,247.0,219.0,7.4
74,100.0,246.0,240.0,7.4
75,76.0,267.0,272.0,7.3
76,43.3,209.0,300.0,7.2
77,44.3,188.0,357.0,7.1
78,27.1,189.0,336.0,7.0
79,56.2,218.0,240.0,7.2
80,37.0,178.0,228.0,6.9
81,34.7,192.0,277.0,7.0
82,31.1,202.0,256.0,7.0
83,32.1,192.0,242.0,7.0
84,44.9,198.0,246.0,7.2
85,51.0,226.0,240.0,7.2
86,75.4,249.0,245.0,7.3
87,83.3,244.0,237.0,7.4
88,92.5,221.0,186.0,7.4
89,67.3,199.0,170.0,7.4
90,58.3,201.0,198.0,7.2
91,32.6,168.0,186.0,7.2
92,31.5,194.0,283.0,7.0
93,28.2,209.0,271.0,6.8
94,65.4,153.0,131.0,6.8
95,53.8,147.0,136.0,6.9
96,47.1,176.0,209.0,6.9
97,32.1,184.0,261.0,7.0
98,28.6,193.0,232.0,7.0
99,36.6,172.0,183.0,7.1
100,53.6,209.0,195.0,7.1
101,66.3,225.0,193.0,7.2
102,93.5,243.0,203.0,7.3
103,73.8,195.0,188.0,7.1
104,41.8,180.0,202.0,7.1
105,31.7,183.0,246.0,7.1
106,28.9,190.0,310.0,6.9
107,30.6,203.0,277.0,6.9
108,30.6,177.0,237.0,6.9
109,26.5,164.0,222.0,7.0
110,29.0,170.0,206.0,6.9
111,42.0,178.0,196.0,6.9
112,58.0,195.0,198.0,7.1
113,25.1,145.0,183.0,7.2
114,20.3,145.0,212.0,6.9
115,34.6,201.0,222.0,6.8
116,34.4,221.0,220.0,6.8
117,90.6,255.0,166.0,6.7
118,85.4,196.0,129.0,6.8
119,72.3,246.0,172.0,6.9
120,37.6,250.0,26.8,6.7
121,58.0,273.0,274.0,6.7
122,49.1,240.0,266.0,6.8
123,48.8,222.0,217.0,6.8
124,65.4,283.0,247.0,6.8
125,60.6,258.0,239.0,6.6
126,102.0,201.0,150.0,7.0
127,77.8,251.0,210.0,6.8
128,85.3,255.0,200.0,7.2
129,87.1,267.0,190.0,7.3
130,92.0,226.0,173.0,7.1
131,119.0,233.0,149.0,7.2
132,122.0,242.0,129.0,7.2
133,77.8,229.0,208.0,6.7
134,47.5,239.0,286.0,6.5
135,55.2,236.0,218.0,6.7
136,68.2,210.0,167.0,6.7
137,78.6,221.0,200.0,6.9
138,153.0,490.0,271.0,7.0
139,144.0,440.0,306.0,7.2
140,61.2,225.0,225.0,7.0
141,87.1,216.0,142.0,7.3
142,78.1,235.0,166.0,7.2
143,92.3,277.0,160.0,7.0
144,56.9,239.0,215.0,7.0
145,61.0,220.0,199.0,7.0
146,93.8,223.0,140.0,7.3
147,77.8,239.0,210.0,7.0
148,48.9,242.0,231.0,6.9
149,65.8,203.0,145.0,7.1
150,140.0,312.0,216.0,7.4
151,77.5,216.0,132.0,7.1
152,102.0,223.0,128.0,7.2
153,60.7,220.0,187.0,7.0
154,71.5,180.0,151.0,6.9
155,50.6,199.0,181.0,7.0
156,56.9,194.0,176.0,7.0
157,25.6,246.0,328.0,6.7
158,23.1,245.0,400.0,6.7
159,29.7,218.0,294.0,6.9
160,35.8,241.0,286.0,6.8
161,37.1,263.0,269.0,6.7
162,31.6,200.0,231.0,6.8
163,28.6,191.0,254.0,6.8
164,22.9,197.0,205.0,6.8
165,28.0,252.0,211.0,6.8
166,39.9,228.0,163.0,6.8
167,39.0,171.0,187.0,6.7
168,68.9,153.0,132.0,6.8
169,55.0,193.0,151.0,6.9
170,123.0,196.0,121.0,7.1
171,145.0,229.0,137.0,6.7
172,51.7,189.0,160.0,6.8
173,47.0,222.0,156.0,7.0
174,37.4,192.0,165.0,6.9
175,52.2,202.0,128.0,7.0
176,78.9,216.0,145.0,6.8
177,122.0,186.0,143.0,6.8
178,162.0,204.0,162.0,7.0
179,178.0,270.0,192.0,7.0
180,189.0,177.0,119.0,6.7
181,134.0,228.0,191.0,6.5
182,55.1,165.0,138.0,6.61
183,51.4,233.0,134.0,6.83
184,97.4,201.0,87.7,6.69
185,51.6,206.0,116.0,6.71
186,77.0,213.0,54.6,6.93
187,54.5,201.0,87.2,6.8
188,47.9,203.0,99.7,6.83
189,76.6,179.0,76.2,6.63
190,63.7,192.0,114.0,6.73
191,60.5,194.0,112.0,6.62
192,69.6,199.0,76.7,6.66
193,39.6,167.0,84.9,6.67
194,44.2,174.0,96.5,6.55
195,50.6,212.0,96.3,6.67
196,58.1,218.0,87.2,6.5
197,52.7,220.0,88.9,6.5
198,56.0,188.0,78.0,6.7
199,71.2,205.0,67.7,6.5
200,56.8,134.0,85.5,6.7
201,87.8,197.0,84.5,6.7
202,68.3,231.0,78.4,6.9
203,64.1,227.0,67.8,6.5
204,88.9,188.0,64.2,6.3
205,90.5,194.0,67.0,6.4
206,57.8,199.0,76.2,6.6
207,42.5,196.0,90.4,7.0
208,60.8,180.0,78.8,7.0
209,47.1,190.0,109.0,7.0
210,40.9,170.0,97.0,7.0
211,93.7,190.0,61.1,6.7
212,94.9,185.0,73.6,6.8
213,74.1,226.0,81.3,6.8
214,59.8,211.0,93.8,6.7
215,84.0,216.0,82.1,6.6
216,83.6,202.0,84.9,6.5
217,51.4,192.0,109.0,7.0
218,40.0,174.0,103.0,7.0
219,43.6,176.0,91.3,7.0
220,80.7,158.0,63.7,6.6
221,60.2,181.0,73.8,6.6
222,48.4,180.0,91.9,6.8
223,50.6,180.0,88.1,6.9
224,41.5,219.0,99.4,7.0
225,39.2,218.0,89.5,6.8
226,46.1,188.0,106.0,6.6
227,67.8,193.0,87.5,6.7
228,75.4,235.0,95.9,6.6
229,82.7,159.0,90.6,6.7
230,91.6,187.0,68.5,6.6
231,120.0,208.0,56.8,6.5
232,78.8,190.0,81.0,7.1
233,62.8,189.0,101.0,6.9
234,55.2,207.0,121.0,6.8
235,60.3,169.0,91.4,6.8
236,83.5,190.0,93.7,6.8
237,52.4,109.0,62.7,7.1
238,60.4,189.0,117.0,7.1
239,57.4,150.0,75.2,7.0
240,51.3,185.0,110.0,7.0
241,48.0,188.0,113.0,7.0
242,68.0,217.0,136.0,6.9
243,63.7,252.0,162.0,7.0
244,50.0,235.0,172.0,6.8
245,49.3,200.0,134.0,6.9
246,83.1,207.0,141.0,6.8
247,42.3,232.0,137.0,6.75
248,37.1,228.0,196.0,6.72
249,54.3,231.0,119.0,6.92
250,38.2,245.0,240.0,6.74
251,27.6,233.0,250.0,6.58
252,41.5,193.0,107.0,6.75
253,29.1,222.0,129.0,6.77
254,43.7,204.0,156.0,6.77
255,45.2,214.0,133.0,6.73
256,47.6,211.0,124.0,6.81
257,46.1,234.0,135.0,6.75
258,46.3,222.0,114.0,6.93
259,77.2,185.0,147.0,6.4
260,40.0,191.0,242.0,6.6
261,47.6,200.0,152.0,6.6
262,60.7,237.0,173.0,6.6
263,51.6,222.0,151.0,6.6
264,42.5,205.0,203.0,6.4
265,44.2,202.0,129.0,6.8
266,41.3,242.0,246.0,6.5
267,30.3,199.0,219.0,6.6
268,40.4,221.0,189.0,6.6
269,37.5,216.0,169.0,6.6
270,53.4,197.0,126.0,6.6
271,51.3,166.0,165.0,6.7
272,82.4,194.0,119.0,6.3
273,70.6,187.0,144.0,6.3
274,76.6,233.0,116.0,6.4
275,62.5,188.0,138.0,6.7
276,49.5,193.0,142.0,6.8
277,45.7,213.0,166.0,6.6
278,74.8,194.0,94.7,6.5
279,60.2,182.0,164.0,6.6
280,50.5,274.0,135.0,6.7
281,107.0,241.0,118.0,6.9
282,82.3,194.0,113.0,6.8
283,38.8,199.0,196.0,6.8
284,60.3,178.0,116.0,6.6
285,33.7,197.0,182.0,6.6
286,41.5,201.0,157.0,6.4
287,43.3,220.0,198.0,6.4
288,48.8,183.0,145.0,6.7
289,25.9,192.0,225.0,6.7
290,56.1,184.0,134.0,6.6
291,42.0,221.0,132.0,6.6
292,38.6,200.0,159.0,6.6
293,73.3,196.0,134.0,6.7
294,47.9,206.0,200.0,6.5
295,51.9,232.0,163.0,6.5
296,89.2,173.0,129.0,6.4
297,73.8,192.0,106.0,6.5
298,49.2,201.0,116.0,6.8
299,47.1,236.0,239.0,6.9
300,47.4,204.0,241.0,6.8
301,67.4,204.0,164.0,7.1
302,53.2,199.0,178.0,6.9
303,50.8,225.0,217.0,6.8
304,67.8,218.0,183.0,6.7
305,64.0,206.0,171.0,6.9
306,66.8,196.0,164.0,6.9
307,50.0,190.0,211.0,6.9
308,52.4,200.0,247.0,6.8
309,58.0,200.0,198.0,7.2
310,61.8,191.0,199.0,6.9
311,66.9,189.0,206.0,6.8
312,48.2,164.0,223.0,6.9
313,65.9,202.0,216.0,6.9
314,64.7,191.0,213.0,7.1
315,56.4,208.0,189.0,7.1
316,52.0,207.0,182.0,7.0
317,52.8,233.0,206.0,7.0
318,56.7,225.0,224.0,7.0
319,58.6,201.0,209.0,6.9
320,63.7,219.0,242.0,6.9
321,64.7,209.0,223.0,6.9
322,54.6,214.0,238.0,7.0
323,62.5,190.0,228.0,6.9
324,56.5,173.0,197.0,6.9
325,47.5,173.0,194.0,6.8
326,33.3,186.0,168.0,6.9
327,67.2,195.0,147.0,6.7
328,49.4,191.0,155.0,6.9
329,50.6,196.0,154.0,6.9
330,113.0,194.0,99.6,7.1
331,128.0,175.0,88.2,6.97
332,106.0,190.0,105.0,7.11
333,91.8,193.0,144.0,7.14
334,91.9,164.0,130.0,7.04
335,97.4,175.0,138.0,7.11
336,114.0,157.0,135.0,7.07
337,113.0,196.0,135.0,6.86
338,108.0,176.0,132.0,7.14
339,89.0,184.0,160.0,7.1
340,100.0,202.0,164.0,7.17
341,107.0,222.0,163.0,7.05
342,109.0,227.0,169.0,7.06
343,190.0,174.0,146.0,6.9
344,209.0,194.0,126.0,7.21
345,165.0,171.0,140.0,7.06
346,130.0,193.0,144.0,7.09
347,133.0,219.0,171.0,7.05
348,110.0,161.0,165.0,7.04
349,106.0,179.0,175.0,7.09
350,89.8,170.0,157.0,7.27
351,93.7,173.0,167.0,7.13
352,78.7,152.0,152.0,7.07
353,132.0,186.0,156.0,6.94
354,96.5,160.0,188.0,6.96
355,128.0,197.0,175.0,6.99
356,127.0,176.0,168.0,6.83
357,188.0,180.0,161.0,6.86
358,198.0,205.0,172.0,6.64
359,186.0,216.0,167.0,6.88
360,86.2,209.0,117.0,6.9
361,78.7,233.0,123.0,6.79
362,49.3,242.0,131.0,7.13
363,48.5,235.0,133.0,7.16
364,54.4,212.0,130.0,6.97
365,64.1,204.0,125.0,6.98
366,42.4,190.0,157.0,6.83
367,40.6,186.0,140.0,6.97
368,45.8,169.0,154.0,6.97
369,47.4,239.0,138.0,7.03
370,66.9,237.0,120.0,6.84
371,116.0,183.0,132.0,6.86
372,95.9,218.0,138.0,7.2
373,69.9,195.0,162.0,7.18
374,72.5,214.0,153.0,7.23
375,102.0,239.0,162.0,6.87
376,114.0,242.0,154.0,6.92
377,114.0,255.0,146.0,6.85
378,122.0,240.0,143.0,6.77
379,103.0,244.0,143.0,6.88
380,85.4,235.0,179.0,6.91
381,83.2,247.0,190.0,7.0
382,64.4,225.0,183.0,6.9
383,62.4,253.0,230.0,6.7
384,43.1,223.0,238.0,6.8
385,44.3,258.0,231.0,7.0
386,49.0,239.0,206.0,6.9
387,48.2,206.0,211.0,6.7
388,43.3,196.0,213.0,6.7
389,51.0,204.0,183.0,6.7
390,59.1,202.0,192.0,6.8
391,52.4,197.0,203.0,6.8
392,50.8,205.0,210.0,6.8
393,53.7,226.0,221.0,7.0
394,110.0,414.0,213.0,7.2
395,63.5,271.0,248.0,7.0
396,49.9,233.0,241.0,6.8
397,53.0,233.0,224.0,6.7
398,51.1,209.0,222.0,7.1
399,44.0,245.0,256.0,7.1
400,66.8,231.0,258.0,6.8
401,62.5,225.0,255.0,7.0
402,52.3,214.0,256.0,6.8
403,39.7,189.0,192.0,7.3
404,36.4,158.0,164.0,6.3
405,48.4,145.0,135.0,6.4
406,27.7,166.0,166.0,6.7
407,40.6,152.0,116.0,6.4
408,24.3,133.0,120.0,6.7
409,33.0,170.0,137.0,6.8
410,35.5,151.0,170.0,6.7
411,40.3,182.0,145.0,6.6
412,58.6,213.0,123.0,6.6
413,37.1,130.0,111.0,6.5
414,42.9,140.0,119.0,6.7
415,42.8,130.0,115.0,6.8
416,39.2,175.0,164.0,6.6
417,33.5,176.0,165.0,6.6
418,251.0,310.0,154.0,7.27
419,325.0,265.0,103.0,6.95
420,125.0,225.0,145.0,7.43
421,125.0,222.0,114.0,7.11
422,72.1,395.0,153.0,7.41
423,56.6,237.0,147.0,6.87
424,53.7,223.0,119.0,7.05
425,33.8,238.0,162.0,6.76
426,46.9,190.0,129.0,6.86
427,79.2,228.0,119.0,7.13
428,134.0,225.0,124.0,7.04
429,59.5,202.0,134.0,7.34
430,40.9,236.0,126.0,6.78
431,46.2,241.0,146.0,6.9
432,42.9,218.0,112.0,6.97
433,50.2,243.0,112.0,7.36
434,91.6,257.0,169.0,7.12
435,82.3,239.0,132.0,7.39
436,90.1,237.0,156.0,7.24
437,83.6,196.0,184.0,7.02
438,83.3,202.0,163.0,7.12
439,83.9,274.0,177.0,7.35
440,82.8,302.0,186.0,7.0
441,74.3,299.0,214.0,6.95
442,80.3,288.0,207.0,7.03
443,221.0,411.0,229.0,6.78
444,96.9,294.0,245.0,6.71
445,160.0,362.0,171.0,6.43
446,136.0,349.0,195.0,6.87
447,123.0,363.0,195.0,6.96
448,87.8,365.0,248.0,6.93
449,74.9,429.0,258.0,6.79
450,76.3,415.0,249.0,7.2
451,107.0,338.0,215.0,7.15
452,105.0,428.0,220.0,6.82
453,116.0,354.0,198.0,6.87
454,241.0,625.0,249.0,6.1
455,94.5,338.0,286.0,6.75
456,230.0,494.0,281.0,6.47
457,245.0,440.0,253.0,6.63
458,139.0,467.0,243.0,6.9
459,136.0,328.0,260.0,7.26
460,127.0,441.0,220.0,6.96
461,104.0,304.0,177.0,7.23
462,108.0,292.0,207.0,7.29
463,92.9,185.0,143.0,7.1
464,68.8,165.0,129.0,6.9
465,76.4,198.0,138.0,7.1
466,69.4,198.0,160.0,6.9
467,45.8,233.0,150.0,7.0
468,47.4,201.0,142.0,7.1
469,95.1,225.0,146.0,6.8
470,69.7,199.0,145.0,6.9
471,77.6,173.0,124.0,7.0
472,54.1,183.0,150.0,6.9
473,52.5,176.0,132.0,7.0
474,52.6,198.0,147.0,7.1
475,55.9,217.0,147.0,7.0
476,53.7,211.0,147.0,7.2
477,46.5,191.0,131.0,7.0
478,50.2,198.0,143.0,6.8
479,39.8,181.0,186.0,6.8
480,58.0,195.0,157.0,7.1
481,81.5,203.0,138.0,6.9
482,75.7,179.0,126.0,6.9
483,84.1,180.0,98.5,6.9
484,111.0,217.0,119.0,7.1
485,126.0,203.0,136.0,7.2
486,81.7,164.0,108.0,7.1
487,82.2,203.0,124.0,7.0
488,102.0,208.0,102.0,6.9
489,86.1,216.0,119.0,7.0
490,126.0,170.0,108.0,6.9
491,73.6,172.0,116.0,7.0
492,84.7,164.0,87.7,6.9
493,65.7,186.0,127.0,7.0
494,101.0,194.0,107.0,6.9
495,104.0,173.0,139.0,6.6
496,48.6,192.0,125.0,6.8
497,52.5,118.0,113.0,7.0
498,40.5,204.0,188.0,6.7
499,104.0,218.0,163.0,7.1
500,186.0,412.0,160.0,7.0
501,104.0,346.0,201.0,7.1
502,55.3,292.0,188.0,7.1
503,94.3,323.0,180.0,6.9
504,113.0,218.0,124.0,6.4
505,76.6,199.0,144.0,6.6
506,67.8,177.0,150.0,6.6
507,47.6,195.0,160.0,6.8
508,68.3,185.0,144.0,6.6
509,56.3,195.0,134.0,6.6
510,59.7,222.0,142.0,6.6
511,47.3,197.0,145.0,6.9
512,68.2,191.0,131.0,6.9
513,46.9,240.0,182.0,7.0
514,73.0,252.0,226.0,6.8
515,82.9,228.0,203.0,6.8
516,158.0,214.0,181.0,6.6
517,136.0,269.0,219.0,6.7
518,116.0,338.0,236.0,6.7
519,115.0,330.0,216.0,6.6
520,96.0,190.0,105.0,6.3
521,71.0,210.0,116.0,6.6
522,60.0,182.0,134.0,6.7
523,47.8,253.0,155.0,6.6
524,39.0,220.0,129.0,6.6
525,59.2,210.0,96.7,6.6
526,74.4,236.0,101.0,6.1
527,110.0,163.0,61.4,6.3
528,77.0,247.0,86.9,6.6
529,74.0,180.0,89.2,6.8
530,50.8,191.0,144.0,6.9
531,40.1,217.0,161.0,6.8
532,35.4,208.0,160.0,6.8
533,52.2,228.0,220.0,6.8
534,32.0,206.0,157.0,6.8
535,46.7,169.0,161.0,6.7
536,44.1,180.0,180.0,6.6
537,46.0,249.0,185.0,6.8
538,49.9,221.0,230.0,6.6
539,41.3,265.0,297.0,6.7
540,54.3,273.0,265.0,6.7
541,49.0,213.0,165.0,6.8
542,60.2,271.0,249.0,6.8
543,55.1,229.0,115.0,6.58
544,72.9,240.0,115.0,6.68
545,41.2,232.0,196.0,6.73
546,25.2,183.0,167.0,7.2
547,55.2,201.0,77.5,7.27
548,144.0,194.0,67.2,6.89
549,121.0,242.0,57.1,6.83
550,71.0,226.0,77.4,6.74
551,70.4,221.0,90.7,7.22
552,38.9,192.0,103.0,7.09
553,28.9,194.0,97.1,7.03
554,29.1,195.0,163.0,6.44
555,56.1,232.0,76.6,6.96
556,47.2,224.0,99.4,7.22
557,77.8,252.0,76.1,6.71
558,57.6,241.0,81.0,7.15
559,42.3,248.0,88.6,6.79
560,27.4,238.0,149.0,6.83
561,48.7,208.0,73.2,7.03
562,36.1,193.0,77.2,5.73
563,53.8,239.0,63.6,6.56
564,34.6,191.0,122.0,6.72
565,41.0,188.0,82.0,6.67
566,92.8,218.0,90.6,6.61
567,135.0,224.0,210.0,6.9
568,67.5,235.0,191.0,6.9
569,79.6,232.0,211.0,6.92
570,42.5,195.0,156.0,6.9
571,41.5,209.0,175.0,6.9
572,60.7,214.0,185.0,7.2
573,48.0,194.0,164.0,7.0
574,57.5,182.0,158.0,6.9
575,50.5,224.0,255.0,6.5
576,58.2,200.0,165.0,6.5
577,34.5,258.0,193.0,6.4
578,39.2,201.0,155.0,6.7
579,37.6,191.0,153.0,6.6
580,50.6,279.0,141.0,6.8
581,44.6,199.0,160.0,7.0
582,64.0,305.0,204.0,7.2
583,73.2,434.0,259.0,7.3
584,47.6,354.0,176.0,7.0
585,44.1,301.0,181.0,6.9
586,35.2,237.0,153.0,6.7
587,39.7,204.0,136.0,6.8
588,45.4,183.0,117.0,6.8
589,53.7,256.0,239.0,6.5
590,84.1,407.0,261.0,6.8
591,44.7,220.0,147.0,6.8
592,47.2,249.0,161.0,6.7
593,40.6,238.0,158.0,6.8
594,29.3,271.0,228.0,6.9
595,52.5,203.0,195.0,7.0
596,46.5,180.0,179.0,7.1
597,101.0,206.0,123.0,7.1
598,72.8,177.0,145.0,7.0
599,47.4,228.0,164.0,7.0
600,42.4,204.0,157.0,7.0
601,47.0,185.0,177.0,7.0
602,23.6,208.0,163.0,7.2
603,53.1,206.0,225.0,7.1
604,68.4,230.0,220.0,6.8
605,34.2,180.0,253.0,6.7
606,42.4,201.0,194.0,6.8
607,48.0,201.0,174.0,6.9
608,25.7,218.0,112.0,7.4
609,37.6,208.0,137.0,7.4
610,62.9,197.0,186.0,6.9
611,78.4,198.0,171.0,6.9
612,63.6,219.0,160.0,7.2
613,72.4,178.0,194.0,6.9
614,53.1,197.0,151.0,6.8
615,62.2,198.0,141.0,6.9
616,51.2,204.0,172.0,6.9
617,62.5,205.0,179.0,6.8
618,48.1,180.0,173.0,6.8
619,81.6,259.0,161.0,6.9
620,82.1,234.0,154.0,7.0
621,60.2,202.0,140.0,6.9
622,115.0,250.0,163.0,7.0
623,92.2,223.0,177.0,6.9
624,71.6,269.0,201.0,6.9
625,64.1,199.0,167.0,6.7
626,115.0,261.0,195.0,7.0
627,109.0,221.0,187.0,7.0
628,60.8,256.0,196.0,6.8
629,103.0,250.0,157.0,6.7
630,90.3,308.0,159.0,6.8
631,88.8,253.0,227.0,6.7
632,26.5,113.0,297.0,6.6
633,66.7,212.0,150.0,6.8
634,61.7,222.0,166.0,6.9
635,55.4,208.0,197.0,6.8
636,80.4,240.0,247.0,6.7
637,49.6,239.0,237.0,6.9
638,74.4,255.0,231.0,6.7
639,57.3,231.0,240.0,6.8
640,123.0,134.0,78.8,6.6
641,31.1,225.0,206.0,7.0
642,67.0,236.0,161.0,6.9
643,23.7,119.0,197.0,6.2
644,23.4,137.0,145.0,5.6
645,27.4,133.0,149.0,6.0
646,63.2,207.0,207.0,6.5
647,73.4,199.0,133.0,6.8
648,83.2,309.0,161.0,6.7
649,80.1,332.0,163.0,7.0
650,109.0,323.0,148.0,7.1
651,67.3,282.0,179.0,7.0
652,82.6,294.0,179.0,6.9
653,79.8,299.0,167.0,6.9
654,53.6,267.0,161.0,7.0
655,79.0,393.0,163.0,7.4
656,62.8,353.0,181.0,6.9
657,53.7,280.0,169.0,6.8
658,43.0,229.0,184.0,6.5
659,52.2,237.0,190.0,6.9
660,53.8,247.0,184.0,6.6
661,73.9,390.0,156.0,7.1
662,84.9,420.0,142.0,6.9
663,60.3,239.0,136.0,7.0
664,52.3,308.0,168.0,6.3
665,37.4,293.0,205.0,6.4
666,49.6,247.0,193.0,6.6
667,45.4,252.0,185.0,6.6
668,55.6,271.0,162.0,6.9
669,51.2,311.0,183.0,6.7
670,63.2,382.0,192.0,6.7
671,74.2,349.0,183.0,6.7
672,36.6,244.0,175.0,6.6
673,31.6,223.0,153.0,6.5
674,43.6,245.0,143.0,6.6
675,46.5,209.0,173.0,6.8
676,59.1,373.0,176.0,6.6
677,45.7,224.0,168.0,6.7
678,60.1,255.0,193.0,6.6
679,66.5,285.0,211.0,7.1
680,50.6,246.0,170.0,6.9
681,60.5,262.0,183.0,6.8
682,86.4,411.0,180.0,7.0
683,39.4,222.0,175.0,6.7
684,37.2,229.0,155.0,7.0
685,48.1,245.0,167.0,6.9
686,44.1,231.0,194.0,6.8
687,32.3,229.0,202.0,6.7
688,53.9,251.0,163.0,6.8
689,65.0,255.0,185.0,6.8
690,56.1,249.0,167.0,6.8
691,63.4,303.0,164.0,6.8
692,76.6,351.0,165.0,6.9
693,64.1,287.0,160.0,6.9
694,32.4,268.0,161.0,6.8
695,45.4,209.0,143.0,6.8
696,34.3,245.0,184.0,7.2
697,58.1,261.0,175.0,7.0
698,95.7,267.0,170.0,6.8
699,52.8,249.0,189.0,6.7
700,60.2,268.0,213.0,6.9
701,94.9,290.0,187.0,6.8
702,104.0,313.0,179.0,6.9
703,66.2,345.0,203.0,6.6
704,62.9,312.0,171.0,6.6
705,23.9,210.0,197.0,6.7
706,26.3,206.0,192.0,6.7
707,88.9,210.0,178.0,6.7
708,162.0,279.0,174.0,6.6
709,108.0,258.0,174.0,6.7
710,62.5,245.0,183.0,6.7
711,66.9,258.0,188.0,6.6
712,125.0,282.0,192.0,6.7
713,95.2,397.0,184.0,6.6
714,38.7,295.0,197.0,6.7
715,34.1,325.0,211.0,7.2
716,44.2,267.0,202.0,7.0
717,173.0,285.0,199.0,6.7
718,117.0,253.0,177.0,6.7
719,78.9,232.0,174.0,6.7
720,108.0,270.0,199.0,6.8
721,157.0,281.0,204.0,6.8
722,119.0,270.0,217.0,6.8
723,112.0,381.0,180.0,6.8
724,130.0,367.0,196.0,7.0
725,114.0,358.0,194.0,6.9
726,77.8,248.0,202.0,6.7
727,80.0,181.0,152.0,6.7
728,81.0,160.0,133.0,6.6
729,72.9,187.0,158.0,6.5
730,102.0,236.0,143.0,6.4
731,81.2,148.0,100.0,6.4
732,70.5,184.0,158.0,6.3
733,67.7,226.0,167.0,6.4
734,83.3,220.0,152.0,6.5
735,89.5,199.0,137.0,6.4
736,64.4,185.0,125.0,6.5
737,208.0,175.0,84.4,6.4
738,111.0,214.0,129.0,7.1
739,46.2,228.0,148.0,6.7
740,62.3,206.0,116.0,6.7
741,98.7,198.0,89.0,6.4
742,54.7,195.0,108.0,6.8
743,47.2,214.0,112.0,6.9
744,36.9,208.0,120.0,6.9
745,170.0,170.0,105.0,6.4
746,186.0,242.0,103.0,6.2
747,65.7,261.0,138.0,6.6
748,103.0,316.0,156.0,6.5
749,96.3,239.0,132.0,6.2
750,39.4,190.0,120.0,6.5
751,30.7,203.0,112.0,6.4
752,60.2,183.0,176.0,6.6
753,97.0,301.0,133.0,6.6
754,49.4,241.0,166.0,6.7
755,79.2,300.0,181.0,6.6
756,81.8,292.0,159.0,6.4
757,70.1,241.0,155.0,6.3
758,48.5,215.0,140.0,6.3
759,49.1,240.0,132.0,6.5
760,56.9,232.0,199.0,6.9
761,66.2,242.0,167.0,6.7
762,60.7,278.0,146.0,6.8
763,68.5,267.0,160.0,6.6
764,68.6,299.0,181.0,6.5
765,67.7,324.0,159.0,6.6
766,59.1,283.0,119.0,6.7
767,43.6,295.0,153.0,6.3
768,46.0,205.0,152.0,6.7
769,62.5,228.0,121.0,6.8
770,59.7,223.0,131.0,6.8
771,64.6,243.0,184.0,6.5
772,64.1,281.0,176.0,6.4
773,67.4,313.0,184.0,6.4
774,66.4,335.0,159.0,6.6
775,52.5,286.0,142.0,6.6
776,48.0,261.0,170.0,6.8
777,82.3,255.0,182.0,6.8
778,37.1,194.0,141.0,7.2
779,63.2,241.0,114.0,7.0
780,51.5,242.0,156.0,6.7
781,59.7,238.0,185.0,6.7
782,62.9,269.0,158.0,6.5
783,45.6,254.0,160.0,6.6
784,47.3,270.0,182.0,6.8
785,67.0,320.0,162.0,6.9
786,52.8,308.0,158.0,6.9
787,79.0,298.0,160.0,7.0
788,67.3,243.0,186.0,6.8
789,61.2,271.0,174.0,6.8
790,70.0,283.0,200.0,6.6
791,73.4,258.0,182.0,6.4
792,81.9,246.0,173.0,6.4
793,84.8,283.0,158.0,6.6
794,48.6,240.0,174.0,6.8
795,53.4,277.0,176.0,7.1
796,57.1,269.0,173.0,6.7
797,62.5,235.0,205.0,6.9
798,74.6,234.0,164.0,6.7
799,65.7,224.0,167.0,6.6
800,61.4,252.0,154.0,6.8
801,51.7,253.0,167.0,6.8
802,48.3,252.0,197.0,6.9
803,58.3,287.0,191.0,6.7
804,55.1,267.0,185.0,6.6
805,82.0,229.0,156.0,6.3
806,72.3,210.0,168.0,6.3
807,64.1,200.0,156.0,6.6
808,71.0,248.0,146.0,6.7
809,51.3,225.0,150.0,6.8
810,52.4,236.0,168.0,6.8
811,54.0,433.0,155.0,6.9
812,41.0,293.0,132.0,6.8
813,54.8,288.0,142.0,7.0
814,98.9,249.0,138.0,6.6
815,82.8,214.0,131.0,6.4
816,75.8,218.0,130.0,6.5
817,51.8,177.0,126.0,6.8
818,72.7,187.0,154.0,6.6
819,111.0,425.0,197.0,7.7
820,108.0,454.0,163.0,7.7
821,59.4,277.0,110.0,6.8
822,44.8,233.0,119.0,7.1
823,67.4,211.0,139.0,6.9
824,80.2,272.0,120.0,6.6
825,85.5,265.0,112.0,6.6
826,71.8,287.0,112.0,6.7
827,48.4,233.0,109.0,6.7
828,64.3,217.0,109.0,6.6
829,89.9,182.0,131.0,6.6
830,67.0,177.0,117.0,6.5
831,67.4,227.0,100.0,6.5
832,68.4,211.0,128.0,6.6
833,71.5,167.0,124.0,6.9
834,77.5,173.0,131.0,6.6
835,105.0,250.0,115.0,6.2
836,74.5,243.0,137.0,6.7
837,64.5,199.0,134.0,6.7
838,67.9,265.0,156.0,6.5
839,63.8,316.0,161.0,6.4
840,69.5,286.0,165.0,6.5
841,79.1,277.0,160.0,6.6
842,74.3,266.0,172.0,6.5
843,72.7,261.0,164.0,6.6
844,74.1,247.0,151.0,6.4
845,97.6,182.0,127.0,6.2
846,103.0,225.0,141.0,6.2
847,115.0,297.0,150.0,6.3
848,117.0,382.0,135.0,7.2
849,112.0,382.0,133.0,7.3
850,92.1,300.0,143.0,7.0
851,62.8,170.0,148.0,6.6
852,72.4,163.0,139.0,6.6
853,108.0,236.0,148.0,6.5
854,113.0,320.0,160.0,6.7
855,68.7,223.0,130.0,7.0
856,73.0,225.0,130.0,7.1
857,68.7,230.0,147.0,7.0
858,80.8,236.0,153.0,6.9
859,115.0,318.0,164.0,6.9
860,87.2,254.0,148.0,6.9
861,60.2,194.0,177.0,6.1
862,109.0,113.0,130.0,6.6
863,130.0,131.0,134.0,6.6
864,94.9,353.0,166.0,6.8
865,199.0,361.0,166.0,6.7
866,80.4,284.0,169.0,6.8
867,88.6,472.0,177.0,6.8
868,96.1,300.0,148.0,6.9
869,79.0,252.0,147.0,6.8
870,75.7,268.0,144.0,6.8
871,71.9,243.0,143.0,6.8
872,81.0,233.0,171.0,6.8
873,102.0,363.0,179.0,6.6
874,92.7,336.0,179.0,6.7
875,81.2,237.0,167.0,6.8
876,70.3,233.0,158.0,6.8
877,109.0,353.0,166.0,6.9
878,133.0,317.0,160.0,6.9
879,100.0,224.0,138.0,6.7
880,88.2,201.0,138.0,6.6
881,70.7,179.0,143.0,6.8
882,77.2,215.0,145.0,6.9
883,61.0,143.0,137.0,6.9
884,95.7,235.0,145.0,6.9
885,89.6,197.0,140.0,6.7
886,91.1,206.0,141.0,6.7
887,65.0,145.0,125.0,6.8
888,53.2,127.0,132.0,6.9
889,35.0,169.0,142.0,7.0
890,46.5,146.0,116.0,6.9
891,54.1,161.0,109.0,6.9
892,43.8,138.0,111.0,6.8
893,43.0,144.0,119.0,6.5
894,37.5,149.0,138.0,6.7
895,35.5,132.0,120.0,6.8
896,45.0,167.0,125.0,6.7
897,65.1,258.0,108.0,6.8
898,82.0,277.0,99.0,6.8
899,60.8,223.0,95.8,6.7
900,83.2,126.0,118.0,6.6
901,78.2,262.0,140.0,6.7
902,73.5,253.0,139.0,6.8
903,72.1,240.0,135.0,6.7
904,116.0,313.0,104.0,7.4
905,100.0,314.0,104.0,7.4
906,115.0,331.0,132.0,7.0
907,87.0,242.0,133.0,6.9
908,77.0,229.0,128.0,6.9
909,69.8,195.0,133.0,6.8
910,63.8,187.0,145.0,6.8
911,62.0,171.0,137.0,6.9
912,74.1,186.0,130.0,6.7
913,80.7,189.0,129.0,6.6
914,77.4,203.0,137.0,6.6
915,81.8,197.0,128.0,6.9
916,91.7,247.0,145.0,6.8
917,88.6,243.0,110.0,6.8
918,64.2,161.0,112.0,6.9
919,63.3,172.0,114.0,6.8
920,86.4,164.0,123.0,6.7
921,70.4,147.0,121.0,6.7
922,81.0,161.0,125.0,6.7
923,68.2,184.0,122.0,6.9
924,57.9,213.0,128.0,7.0
925,74.7,216.0,131.0,6.8
926,132.0,525.0,156.0,7.0
927,155.0,536.0,145.0,6.9
928,110.0,389.0,117.0,6.7
929,77.4,228.0,115.0,6.7
930,60.5,244.0,121.0,6.6
931,67.6,236.0,120.0,6.6
932,52.6,216.0,124.0,6.7
933,66.1,203.0,131.0,6.8
934,72.3,247.0,133.0,6.7
935,65.0,198.0,131.0,6.9
936,71.7,196.0,114.0,6.8
937,81.0,187.0,118.0,6.6
938,90.2,209.0,123.0,6.9
939,111.0,429.0,140.0,7.3
940,82.0,308.0,125.0,6.8
941,73.4,271.0,130.0,6.8
942,68.8,249.0,126.0,6.7
943,66.1,264.0,114.0,6.7
944,56.2,244.0,115.0,6.9
945,70.0,254.0,126.0,6.6
946,74.0,244.0,135.0,6.6
947,66.4,226.0,131.0,6.7
948,68.9,182.0,117.0,6.9
949,87.5,243.0,132.0,6.6
950,84.8,192.0,121.0,6.6
951,86.2,242.0,125.0,6.8
952,92.1,339.0,113.0,7.3
953,137.0,510.0,126.0,7.4
954,73.0,244.0,127.0,6.4
955,70.9,188.0,119.0,6.7
956,74.5,235.0,117.0,6.7
957,56.6,213.0,110.0,6.6
958,72.6,193.0,118.0,6.7
959,75.9,211.0,114.0,6.7
960,60.6,192.0,135.0,6.7
961,54.4,224.0,127.0,6.4
962,53.2,200.0,122.0,6.4
963,94.8,247.0,131.0,6.6
964,104.0,252.0,133.0,6.6
965,124.0,337.0,119.0,7.3
966,90.0,254.0,115.0,6.9
967,66.0,225.0,114.0,6.6
968,61.6,239.0,102.0,6.8
969,60.3,238.0,110.0,7.0
970,62.8,252.0,114.0,6.8
971,64.4,217.0,118.0,6.7
972,66.7,212.0,140.0,6.4
973,50.3,207.0,127.0,6.7
974,63.3,221.0,141.0,6.6
975,66.7,233.0,160.0,6.5
976,82.0,237.0,153.0,6.6
977,143.0,412.0,172.0,6.8
978,83.3,297.0,146.0,6.7
979,69.9,235.0,146.0,6.7
980,61.5,227.0,148.0,6.6
981,75.7,274.0,147.0,6.7
982,57.0,206.0,149.0,6.6
983,62.6,275.0,148.0,6.9
984,64.5,309.0,156.0,6.8
985,66.2,268.0,152.0,6.9
986,56.7,204.0,152.0,6.7
987,62.4,270.0,162.0,6.8
988,71.3,262.0,155.0,6.7
989,106.0,363.0,189.0,6.9
990,115.0,387.0,194.0,7.1
991,124.0,377.0,159.0,7.0
992,98.0,269.0,144.0,6.9
993,73.0,203.0,137.0,6.8
994,49.7,204.0,145.0,6.7
995,63.9,250.0,135.0,6.8
996,63.6,264.0,134.0,6.8
997,67.6,283.0,157.0,6.8
998,67.3,307.0,177.0,6.6
999,83.6,385.0,167.0,6.7
1000,78.1,266.0,123.0,6.7
1001,68.8,213.0,123.0,6.5
1002,58.3,164.0,117.0,6.4
1003,52.2,159.0,114.0,6.5
1004,53.5,184.0,118.0,6.4
1005,56.6,192.0,107.0,6.7
1006,58.2,186.0,101.0,6.9
1007,86.6,295.0,146.0,6.6
1008,173.0,301.0,135.0,6.8
1009,127.0,248.0,136.0,6.8
1010,106.0,220.0,126.0,6.8
1011,77.5,231.0,125.0,6.7
1012,63.2,206.0,121.0,6.6
1013,69.2,222.0,106.0,6.5
1014,59.1,248.0,104.0,6.9
1015,55.2,217.0,171.0,6.9
1016,60.7,188.0,133.0,6.8
1017,69.1,209.0,136.0,6.9
1018,49.6,212.0,125.0,6.8
1019,51.3,207.0,138.0,6.8
1020,65.2,205.0,109.0,6.7
1021,55.9,227.0,103.0,7.0
1022,52.4,217.0,174.0,7.3
1023,49.6,239.0,161.0,7.0
1024,61.9,255.0,137.0,7.0
1025,112.0,402.0,146.0,7.1
1026,66.8,192.0,138.0,7.1
1027,59.3,183.0,107.0,6.9
1028,45.3,165.0,104.0,7.2
1029,65.0,230.0,118.0,7.2
1030,62.7,231.0,145.0,6.9
1031,59.9,195.0,125.0,6.9
1032,75.3,240.0,159.0,7.0
1033,60.1,187.0,154.0,6.8
1034,57.0,169.0,159.0,6.8
1035,49.2,160.0,138.0,7.0
1036,74.7,233.0,138.0,7.1
1037,66.6,201.0,128.0,7.1
1038,61.0,166.0,127.0,7.0
1039,122.0,562.0,182.0,7.3
1040,82.3,346.0,164.0,7.2
1041,64.6,183.0,148.0,6.9
1042,53.8,175.0,154.0,6.7
1043,58.4,177.0,152.0,6.8
1044,60.7,208.0,161.0,6.8
1045,60.0,200.0,161.0,6.8
1046,62.3,235.0,155.0,6.8
1047,54.2,177.0,149.0,6.8
1048,69.8,262.0,137.0,6.9
1049,84.4,232.0,154.0,7.0
1050,80.3,157.0,149.0,6.9
1051,77.6,195.0,157.0,6.8
1052,70.1,215.0,151.0,6.9
1053,68.6,184.0,139.0,6.9
1054,60.7,158.0,131.0,7.0
1055,60.3,157.0,128.0,6.9
1056,53.2,161.0,129.0,6.9
1057,105.0,334.0,147.0,7.1
1058,75.5,228.0,149.0,6.8
1059,58.9,219.0,127.0,6.7
1060,65.3,239.0,119.0,7.0
1061,64.3,246.0,144.0,6.9
1062,65.6,216.0,141.0,6.9
1063,74.9,202.0,129.0,7.0
1064,141.0,437.0,141.0,7.2
1065,117.0,423.0,146.0,7.2
1066,94.3,327.0,145.0,7.0
1067,54.3,178.0,130.0,6.9
1068,53.1,153.0,116.0,7.0
1069,60.5,155.0,113.0,7.0
1070,65.3,190.0,114.0,7.1
1071,73.2,21.1,125.0,7.0
1072,78.9,233.0,136.0,7.0
1073,101.0,309.0,152.0,7.0
1074,81.9,263.0,152.0,6.9
1075,70.1,230.0,158.0,6.8
1076,56.1,182.0,139.0,6.8
1077,50.8,182.0,138.0,7.0
1078,53.8,171.0,139.0,7.0
1079,63.1,160.0,125.0,6.9
1080,78.8,247.0,128.0,7.0
1081,150.0,421.0,198.0,7.8
1082,87.5,191.0,144.0,6.9
1083,82.7,210.0,133.0,6.9
1084,43.7,146.0,191.0,6.8
1085,51.6,208.0,222.0,6.9
1086,54.9,144.0,178.0,6.7
1087,112.0,186.0,159.0,7.0
1088,120.0,132.0,98.1,6.8
1089,64.7,464.0,176.0,6.7
1090,89.7,201.0,134.0,6.5
1091,74.9,429.0,217.0,6.6
1092,163.0,549.0,195.0,6.7
1093,61.3,244.0,167.0,6.4
1094,67.5,344.0,168.0,6.7
1095,65.0,390.0,195.0,6.6
1096,67.5,360.0,177.0,6.6
1097,76.1,343.0,142.0,7.2
1098,75.5,312.0,139.0,6.6
1099,77.9,297.0,169.0,6.2
1100,102.0,338.0,157.0,6.2
1101,94.4,323.0,160.0,6.7
1102,67.5,260.0,165.0,6.7
1103,90.2,316.0,141.0,6.7
1104,133.0,366.0,154.0,6.6
1105,79.2,269.0,167.0,6.7
1106,127.0,268.0,160.0,7.0
1107,95.4,235.0,177.0,6.2
1108,72.4,221.0,268.0,6.3
1109,79.1,256.0,189.0,6.5
1110,136.0,272.0,148.0,6.3
1111,74.6,290.0,139.0,6.7
1112,67.2,274.0,187.0,6.6
1113,80.5,278.0,155.0,6.5
1114,83.8,272.0,139.0,6.4
1115,58.6,258.0,160.0,6.4
1116,61.0,254.0,171.0,6.5
1117,68.3,280.0,156.0,6.8
1118,61.0,251.0,142.0,6.7
1119,90.4,271.0,151.0,6.4
1120,102.0,223.0,150.0,6.8
1121,70.8,243.0,184.0,6.3
1122,73.3,256.0,201.0,6.5
1123,85.0,208.0,187.0,6.6
1124,72.8,228.0,196.0,6.6
1125,56.5,257.0,214.0,6.4
1126,59.9,365.0,204.0,6.3
1127,58.9,277.0,206.0,6.4
1128,34.7,258.0,209.0,6.2
1129,57.6,234.0,167.0,6.4
1130,38.8,214.0,150.0,6.4
1131,57.8,212.0,149.0,6.4
1132,62.5,246.0,163.0,6.4
1133,59.2,253.0,135.0,6.7
1134,106.0,255.0,162.0,6.4
1135,83.4,236.0,173.0,6.6
1136,49.5,180.0,177.0,6.2
1137,29.5,196.0,176.0,6.1
1138,35.5,163.0,166.0,6.4
1139,32.8,159.0,180.0,6.4
1140,37.1,240.0,202.0,6.5
1141,36.4,159.0,168.0,6.6
1142,52.1,230.0,125.0,6.6
1143,57.0,273.0,124.0,6.7
1144,51.0,282.0,142.0,6.6
1145,43.6,233.0,174.0,6.3
1146,75.0,197.0,157.0,6.5
1147,35.4,161.0,153.0,6.4
1148,31.5,222.0,174.0,6.4
1149,62.8,230.0,168.0,6.6
1150,57.5,232.0,150.0,6.9
1151,88.4,436.0,177.0,6.9
1152,74.3,380.0,173.0,6.9
1153,63.4,316.0,207.0,6.9
1154,66.7,318.0,200.0,6.5
1155,66.4,302.0,241.0,6.7
1156,51.4,250.0,202.0,6.7
1157,54.6,228.0,199.0,6.7
1158,55.1,244.0,225.0,6.7
1159,77.8,204.0,217.0,6.7
1160,94.3,193.0,208.0,6.7
1161,60.1,261.0,191.0,6.8
1162,71.9,279.0,195.0,6.8
1163,124.0,482.0,213.0,6.8
1164,75.3,327.0,164.0,6.5
1165,71.3,324.0,167.0,6.5
1166,81.4,343.0,149.0,6.4
1167,96.2,309.0,183.0,6.2
1168,87.7,341.0,193.0,6.4
1169,95.6,265.0,208.0,6.5
1170,72.3,282.0,216.0,6.7
1171,81.4,315.0,203.0,6.4
1172,82.1,221.0,216.0,6.6
1173,78.0,298.0,174.0,6.4
1174,37.8,212.0,146.0,7.0
1175,32.5,287.0,217.0,6.9
1176,36.7,333.0,209.0,6.6
1177,56.6,280.0,154.0,7.2
1178,50.8,280.0,163.0,6.6
1179,60.6,322.0,150.0,7.0
1180,82.9,267.0,159.0,6.5
1181,99.5,230.0,150.0,6.7
1182,107.0,339.0,160.0,6.6
1183,61.7,269.0,156.0,6.7
1184,53.5,298.0,166.0,6.8
1185,50.7,253.0,135.0,6.6
1186,114.0,401.0,145.0,6.7
1187,76.6,263.0,170.0,6.6
1188,59.1,235.0,168.0,6.8
1189,59.7,230.0,202.0,6.7
1190,87.2,284.0,163.0,6.6
1191,63.5,244.0,158.0,6.6
1192,51.6,189.0,147.0,6.4
1193,51.3,282.0,173.0,6.6
1194,254.0,223.0,169.0,5.9
1195,42.3,175.0,156.0,6.3
1196,49.5,201.0,230.0,6.3
1197,51.2,190.0,188.0,6.7
1198,45.7,224.0,221.0,6.7
1199,49.5,219.0,209.0,6.7
1200,67.0,327.0,206.0,7.4
1201,63.0,350.0,212.0,6.9
1202,75.0,192.0,158.0,6.6
1203,86.0,310.0,234.0,6.8
1204,47.8,326.0,261.0,6.6
1205,61.6,312.0,218.0,6.5
1206,80.3,325.0,217.0,6.6
1207,66.5,298.0,210.0,6.9
1208,63.8,259.0,201.0,6.5
1209,57.9,286.0,212.0,6.5
1210,70.8,308.0,194.0,6.8
1211,103.0,323.0,209.0,6.6
1212,83.9,319.0,204.0,6.4
1213,127.0,386.0,205.0,7.0
1214,208.0,292.0,208.0,6.6
1215,135.0,278.0,164.0,5.9
1216,89.7,298.0,195.0,6.1
1217,83.5,258.0,138.0,6.1
1218,101.0,231.0,122.0,6.3
1219,65.1,191.0,147.0,6.7
1220,65.4,204.0,171.0,6.4
1221,63.7,265.0,187.0,6.6
1222,57.2,244.0,160.0,6.6
1223,64.7,285.0,174.0,6.9
1224,70.2,244.0,149.0,6.7
1225,69.6,269.0,150.0,6.6
1226,66.9,272.0,170.0,6.9
1227,65.4,265.0,166.0,6.8
1228,59.3,264.0,178.0,6.8
1229,58.6,246.0,182.0,6.8
1230,55.4,285.0,175.0,6.8
1231,86.4,309.0,179.0,6.7
1232,83.8,378.0,160.0,7.0
1233,80.4,376.0,161.0,7.5
1234,87.2,285.0,154.0,6.8
1235,93.6,296.0,153.0,6.7
1236,91.9,276.0,145.0,6.6
1237,99.5,410.0,148.0,7.3
1238,89.0,236.0,146.0,7.0
1239,96.7,231.0,175.0,6.8
1240,103.0,252.0,163.0,6.8
1241,50.8,253.0,150.0,6.7
1242,125.0,256.0,155.0,7.0
1243,83.2,211.0,148.0,6.7
1244,58.5,181.0,179.0,6.7
1245,46.1,157.0,181.0,6.6
1246,60.3,155.0,172.0,6.9
1247,43.8,164.0,147.0,6.7
1248,66.6,159.0,150.0,6.4
1249,46.7,183.0,165.0,6.6
1250,34.0,198.0,179.0,6.8
1251,27.8,194.0,193.0,6.5
1252,26.7,150.0,216.0,6.7
1253,25.2,161.0,244.0,6.5
1254,31.6,185.0,255.0,6.4
1255,47.3,194.0,244.0,6.2
1256,50.6,184.0,212.0,5.8
1257,31.9,176.0,262.0,6.2
1258,47.2,171.0,227.0,6.6
1259,33.2,186.0,203.0,6.6
1260,35.6,201.0,209.0,6.5
1261,37.7,177.0,200.0,6.5
1262,49.1,180.0,199.0,6.3
1263,47.4,270.0,172.0,6.2
1264,31.8,205.0,170.0,6.8
1265,33.6,203.0,196.0,6.2
1266,28.6,224.0,186.0,6.6
1267,25.0,248.0,171.0,6.7
1268,27.8,237.0,173.0,6.9
1269,37.6,230.0,189.0,6.9
1270,49.5,225.0,163.0,6.4
1271,33.7,195.0,172.0,7.0
1272,50.9,246.0,194.0,6.8
1273,78.5,271.0,184.0,6.8
1274,39.7,199.0,208.0,6.6
1275,91.1,267.0,128.0,6.5
1276,56.8,188.0,227.0,6.8
1277,64.3,225.0,192.0,6.7
1278,51.4,225.0,178.0,6.5
1279,53.6,236.0,175.0,6.5
1280,55.3,231.0,157.0,6.6
1281,51.9,201.0,157.0,6.6
1282,57.8,211.0,170.0,6.6
1283,76.6,286.0,162.0,6.4
1284,56.4,213.0,154.0,6.7
1285,51.8,186.0,159.0,6.6
1286,48.8,176.0,161.0,6.6
1287,59.7,189.0,159.0,6.4
1288,53.5,190.0,164.0,6.5
1289,54.7,188.0,169.0,6.6
1290,50.1,183.0,176.0,6.4
1291,56.3,179.0,155.0,6.4
1292,44.7,180.0,180.0,6.5
1293,54.3,172.0,175.0,6.5
1294,57.8,181.0,158.0,6.5
1295,52.0,182.0,149.0,6.6
1296,75.8,180.0,148.0,6.8
1297,84.7,171.0,171.0,6.4
1298,76.0,174.0,159.0,6.3
1299,80.8,193.0,153.0,6.3
1300,79.0,189.0,165.0,6.3
1301,67.3,157.0,159.0,6.3
1302,87.5,166.0,147.0,6.4
1303,87.9,174.0,157.0,6.4
1304,70.5,185.0,162.0,6.4
1305,99.1,210.0,152.0,6.2
1306,81.0,196.0,147.0,6.6
1307,76.9,198.0,145.0,6.6
1308,98.5,261.0,125.0,6.6
1309,94.8,244.0,127.0,6.8
1310,99.4,217.0,134.0,6.8
1311,99.5,209.0,127.0,6.8
1312,111.0,494.0,149.0,7.2
1313,110.0,449.0,154.0,7.2
1314,80.8,347.0,164.0,7.0
1315,55.0,282.0,166.0,6.9
1316,48.8,282.0,164.0,6.9
1317,66.0,284.0,170.0,6.9
1318,76.0,346.0,150.0,7.1
1319,97.9,408.0,158.0,7.0
1320,70.5,365.0,172.0,6.9
1321,88.6,286.0,125.0,7.1
1322,89.2,265.0,149.0,7.0
1323,57.7,266.0,176.0,6.9
1324,80.2,297.0,167.0,6.9
1325,84.8,307.0,166.0,6.9
1326,73.2,284.0,155.0,6.9
1327,77.5,292.0,160.0,6.9
1328,81.1,283.0,171.0,6.8
1329,76.7,270.0,172.0,6.7
1330,58.6,251.0,163.0,7.0
1331,62.9,295.0,173.0,7.2
1332,57.1,266.0,177.0,6.8
1333,50.6,210.0,190.0,6.5
1334,47.6,210.0,195.0,6.5
1335,55.4,215.0,203.0,6.5
1336,51.2,171.0,204.0,6.3
1337,49.4,199.0,173.0,7.1
1338,46.7,189.0,181.0,7.1
1339,67.3,208.0,158.0,6.8
1340,87.4,241.0,172.0,6.6
1341,76.5,251.0,187.0,6.5
1342,121.0,221.0,201.0,6.4
1343,189.0,248.0,197.0,6.5
1344,118.0,252.0,185.0,6.8
1345,83.2,263.0,167.0,6.9
1346,84.8,227.0,156.0,6.6
1347,69.3,232.0,150.0,6.5
1348,61.4,222.0,159.0,6.5
1349,52.9,199.0,152.0,6.5
1350,50.7,188.0,164.0,6.4
1351,72.7,232.0,152.0,6.4
1352,72.9,216.0,139.0,6.6
1353,87.2,223.0,139.0,6.7
1354,99.0,283.0,153.0,6.7
1355,79.6,223.0,162.0,6.9
1356,78.6,252.0,158.0,6.8
1357,77.8,268.0,149.0,6.8
1358,71.4,255.0,150.0,7.0
1359,83.7,281.0,137.0,7.3
1360,89.3,317.0,131.0,7.1
1361,83.5,308.0,131.0,6.9
1362,73.3,263.0,134.0,6.8
1363,85.9,211.0,139.0,6.9
1364,120.0,354.0,149.0,7.3
1365,104.0,377.0,150.0,7.4
1366,77.5,326.0,137.0,7.2
1367,68.8,301.0,131.0,6.8
1368,59.6,336.0,155.0,6.7
1369,119.0,386.0,152.0,7.4
1370,73.1,214.0,128.0,6.9
1371,65.1,238.0,157.0,6.7
1372,72.1,206.0,151.0,6.7
1373,71.6,193.0,143.0,6.7
1374,68.0,206.0,142.0,6.8
1375,61.0,193.0,161.0,7.0
1376,84.8,319.0,161.0,7.1
1377,86.1,303.0,161.0,7.1
1378,73.0,237.0,164.0,6.9
1379,80.3,236.0,157.0,6.8
1380,101.0,282.0,177.0,7.3
1381,133.0,272.0,187.0,7.2
1382,102.0,250.0,201.0,6.7
1383,91.7,238.0,184.0,6.5
1384,87.1,237.0,200.0,6.7
1385,75.9,226.0,207.0,6.7
1386,96.4,298.0,188.0,6.6
1387,92.1,299.0,187.0,6.9
1388,75.1,240.0,207.0,6.9
1389,67.2,227.0,217.0,6.9
1390,77.2,217.0,217.0,6.8
1391,55.6,204.0,214.0,6.6
1392,43.8,197.0,216.0,6.4
1393,37.3,164.0,225.0,6.4
1394,40.6,173.0,220.0,6.4
1395,42.3,182.0,202.0,6.3
1396,49.2,185.0,200.0,6.4
1397,58.0,219.0,157.0,6.2
1398,45.7,212.0,199.0,6.3
1399,47.9,210.0,213.0,6.3
1400,46.1,234.0,227.0,6.4
1401,72.4,206.0,209.0,6.7
1402,81.6,204.0,198.0,6.8
1403,82.3,231.0,183.0,6.8
1404,80.2,284.0,185.0,6.8
1405,71.1,246.0,187.0,6.7
1406,69.7,218.0,176.0,6.6
1407,60.5,172.0,151.0,6.7
1408,74.5,173.0,180.0,6.6
1409,57.6,136.0,174.0,6.8
1410,66.1,192.0,165.0,6.6
1411,87.2,206.0,209.0,6.5
1412,100.0,242.0,194.0,6.8
1413,92.0,258.0,189.0,6.7
1414,62.2,272.0,192.0,6.5
1415,58.7,302.0,168.0,6.6
1416,59.8,296.0,158.0,6.6
1417,79.1,356.0,161.0,6.7
1418,73.4,319.0,149.0,6.6
1419,62.2,273.0,127.0,6.9
1420,81.2,313.0,130.0,6.9
1421,86.6,333.0,133.0,6.9
1422,87.8,360.0,137.0,7.0
1423,81.5,313.0,158.0,6.7
1424,90.1,303.0,152.0,6.7
1425,87.9,284.0,142.0,6.7
1426,77.7,283.0,138.0,6.7
1427,60.6,243.0,161.0,6.6
1428,58.8,230.0,157.0,7.0
1429,61.0,215.0,154.0,6.8
1430,59.8,204.0,152.0,6.8
1431,75.9,196.0,184.0,6.8
1432,81.5,243.0,156.0,6.8
1433,74.6,260.0,173.0,6.8
1434,70.2,270.0,190.0,6.9
1435,66.0,237.0,196.0,6.9
1436,45.1,189.0,207.0,6.9
1437,51.4,233.0,224.0,6.9
1438,62.2,253.0,215.0,6.9
1439,75.3,291.0,187.0,7.2
1440,86.2,325.0,204.0,7.4
1441,47.3,204.0,219.0,7.0
1442,46.0,195.0,201.0,7.0
1443,39.8,213.0,214.0,7.2
1444,49.4,217.0,221.0,7.1
1445,53.2,195.0,216.0,6.9
1446,45.3,212.0,217.0,7.0
1447,46.7,233.0,227.0,7.0
1448,66.2,316.0,167.0,7.0
1449,50.6,267.0,186.0,6.9
1450,65.0,232.0,158.0,6.9
1451,59.1,225.0,153.0,6.8
1452,45.3,212.0,162.0,6.8
1453,41.1,207.0,172.0,6.8
1454,42.0,227.0,189.0,6.7
1455,56.5,198.0,147.0,6.8
1456,58.8,234.0,165.0,6.8
1457,54.8,225.0,154.0,6.7
1458,44.4,183.0,147.0,6.7
1459,54.6,206.0,133.0,6.7
1460,51.7,201.0,129.0,6.8
1461,48.0,179.0,129.0,6.7
1462,36.7,162.0,139.0,6.8
1463,35.5,141.0,158.0,6.9
1464,38.1,140.0,172.0,6.8
1465,40.9,141.0,163.0,6.6
1466,46.9,175.0,177.0,6.6
1467,43.7,135.0,167.0,6.6
1468,51.9,157.0,159.0,6.5
1469,50.7,169.0,164.0,6.6
1470,85.5,258.0,163.0,6.9
1471,65.5,206.0,143.0,6.9
1472,57.1,177.0,161.0,6.6
1473,55.5,191.0,162.0,6.7
1474,70.8,171.0,128.0,6.4
1475,73.5,185.0,136.0,6.6
1476,57.9,190.0,172.0,6.6
1477,70.7,153.0,186.0,6.5
1478,69.2,145.0,179.0,6.5
1479,62.8,131.0,163.0,6.5
1480,57.0,137.0,163.0,6.5
1481,61.1,153.0,131.0,6.6
1482,60.9,167.0,121.0,6.6
1483,55.9,187.0,119.0,6.9
1484,75.8,215.0,168.0,7.0
1485,66.3,188.0,164.0,7.3
1486,55.9,136.0,171.0,6.8
1487,62.8,159.0,155.0,6.7
1488,63.3,165.0,114.0,6.8
1489,51.3,150.0,113.0,6.6
1490,48.7,150.0,123.0,6.6
1491,58.6,163.0,160.0,6.8
1492,60.4,161.0,168.0,6.8
1493,68.3,252.0,189.0,6.9
1494,56.7,209.0,140.0,6.8
1495,40.5,177.0,119.0,6.8
1496,39.9,182.0,141.0,6.8
1497,49.8,168.0,164.0,6.9
1498,43.6,169.0,177.0,6.8
1499,35.9,170.0,182.0,6.7
1500,49.9,175.0,178.0,6.8
1501,35.0,147.0,146.0,6.4
1502,28.3,147.0,144.0,6.4
1503,31.1,157.0,177.0,6.6
1504,35.3,157.0,190.0,6.6
1505,44.7,172.0,176.0,6.6
1506,36.8,163.0,173.0,6.4
1507,39.8,162.0,181.0,6.4
1508,33.1,164.0,182.0,6.3
1509,36.9,147.0,175.0,6.4
1510,41.1,180.0,180.0,6.6
1511,44.2,174.0,188.0,6.7
1512,54.4,181.0,198.0,6.5
1513,55.4,168.0,187.0,6.7
1514,47.8,167.0,191.0,6.7
1515,29.5,164.0,212.0,6.7
1516,29.9,149.0,202.0,6.6
1517,62.5,193.0,167.0,6.8
1518,51.0,175.0,150.0,6.8
1519,42.0,168.0,152.0,6.9
1520,39.1,178.0,140.0,6.6
1521,44.2,202.0,134.0,6.8
1522,40.3,166.0,150.0,6.5
1523,38.9,189.0,169.0,6.5
1524,39.4,171.0,159.0,6.6
1525,49.8,162.0,145.0,6.5
1526,47.9,170.0,146.0,6.5
1527,34.1,147.0,130.0,6.5
1528,33.9,143.0,121.0,6.6
1529,39.0,162.0,121.0,6.8
1530,39.2,180.0,116.0,6.5
1531,54.0,189.0,152.0,6.5
1532,59.2,198.0,169.0,6.5
1533,97.2,195.0,173.0,6.5
1534,95.9,195.0,179.0,6.6
1535,102.0,176.0,181.0,6.7
1536,117.0,195.0,159.0,6.9
1537,89.9,214.0,138.0,6.7
1538,47.7,171.0,123.0,6.3
1539,51.5,174.0,123.0,6.0
1540,66.8,200.0,114.0,6.4
1541,55.7,210.0,119.0,6.3
1542,68.9,208.0,121.0,6.4
1543,78.5,206.0,106.0,6.5
1544,67.5,189.0,129.0,6.5
1545,71.8,219.0,133.0,6.4
1546,63.3,189.0,125.0,6.5
1547,51.4,193.0,141.0,6.4
1548,43.0,182.0,139.0,6.3
1549,51.0,217.0,152.0,6.3
1550,53.2,204.0,138.0,6.4
1551,47.6,186.0,134.0,6.2
1552,44.3,188.0,137.0,6.7
1553,46.5,196.0,137.0,6.8
1554,63.3,206.0,141.0,6.6
1555,60.2,180.0,145.0,6.8
1556,121.0,149.0,126.0,6.7
1557,44.1,167.0,126.0,6.9
1558,49.5,173.0,125.0,6.9
1559,50.3,167.0,119.0,6.7
1560,74.7,181.0,122.0,6.7
1561,66.4,177.0,124.0,6.7
1562,59.7,202.0,138.0,6.8
1563,59.4,204.0,147.0,6.7
1564,56.5,161.0,149.0,6.7
1565,56.7,174.0,164.0,6.6
1566,65.2,162.0,145.0,6.6
1567,66.6,180.0,148.0,6.6
1568,70.8,223.0,182.0,6.7
1569,60.6,182.0,181.0,6.7
1570,47.9,165.0,181.0,6.8
1571,67.3,221.0,152.0,6.9
1572,89.6,256.0,160.0,6.9
1573,103.0,273.0,170.0,7.0
1574,82.4,233.0,162.0,6.8
1575,83.6,235.0,159.0,6.7
1576,74.5,207.0,145.0,6.5
1577,73.9,156.0,127.0,6.5
1578,54.6,144.0,130.0,6.9
1579,45.0,140.0,125.0,7.0
1580,65.8,173.0,122.0,6.9
1581,53.5,179.0,136.0,6.5
1582,48.0,184.0,128.0,6.5
1583,45.6,172.0,123.0,6.7
1584,73.3,214.0,137.0,6.7
1585,78.1,243.0,140.0,6.7
1586,108.0,275.0,150.0,6.8
1587,107.0,295.0,161.0,6.8
1588,76.4,232.0,173.0,6.9
1589,78.4,238.0,185.0,6.7
1590,58.4,214.0,176.0,6.7
1591,61.9,210.0,167.0,6.8
1592,47.0,178.0,169.0,6.8
1593,71.4,215.0,168.0,6.8
1594,58.8,211.0,132.0,6.7
1595,41.3,199.0,135.0,6.7
1596,57.2,195.0,129.0,6.8
1597,72.3,214.0,131.0,6.9
1598,89.7,220.0,135.0,6.6
1599,84.7,176.0,129.0,6.7
1600,100.0,219.0,122.0,6.7
1601,108.0,239.0,129.0,6.8
1602,96.2,226.0,140.0,6.8
1603,73.4,193.0,150.0,6.7
1604,83.7,172.0,138.0,6.7
1605,90.8,194.0,147.0,6.8
1606,100.0,216.0,146.0,6.8
1607,83.0,214.0,150.0,6.7
1608,87.1,219.0,148.0,6.8
1609,92.3,205.0,148.0,6.8
1610,82.8,218.0,172.0,6.8
1611,116.0,214.0,140.0,6.8
1612,95.1,182.0,140.0,6.8
1613,84.2,184.0,150.0,6.7
1614,97.3,222.0,151.0,6.8
1615,107.0,264.0,143.0,6.7
1616,104.0,354.0,129.0,6.7
1617,104.0,351.0,146.0,6.7
1618,127.0,382.0,138.0,6.9
1619,86.3,246.0,140.0,6.9
1620,72.8,228.0,131.0,6.7
1621,61.1,206.0,125.0,6.7
1622,129.0,328.0,108.0,6.8
1623,115.0,276.0,95.4,6.8
1624,81.2,246.0,83.5,6.8
1625,74.8,175.0,98.4,6.7
1626,89.4,170.0,124.0,6.3
1627,64.1,164.0,139.0,6.9
1628,54.3,149.0,141.0,7.0
1629,48.6,161.0,144.0,6.8
1630,68.1,179.0,146.0,6.8
1631,63.8,181.0,157.0,6.8
1632,53.1,172.0,192.0,6.8
1633,54.6,211.0,171.0,6.9
1634,47.0,176.0,170.0,6.9
1635,77.1,201.0,160.0,6.9
1636,79.3,211.0,154.0,6.9
1637,57.2,149.0,146.0,6.7
1638,51.2,144.0,145.0,6.7
1639,52.4,139.0,141.0,6.7
1640,56.1,142.0,135.0,6.7
1641,56.2,174.0,127.0,6.8
1642,57.6,158.0,122.0,7.1
1643,68.8,171.0,130.0,7.0
1644,129.0,246.0,144.0,7.0
1645,93.9,239.0,143.0,6.8
1646,122.0,245.0,143.0,6.8
1647,145.0,295.0,148.0,6.6
1648,107.0,289.0,153.0,6.8
1649,81.0,198.0,159.0,6.8
1650,85.4,143.0,150.0,6.8
1651,88.6,160.0,150.0,6.7
1652,70.2,166.0,149.0,6.7
1653,64.7,166.0,152.0,6.6
1654,71.5,207.0,159.0,6.7
1655,79.4,221.0,156.0,6.8
1656,187.0,156.0,116.0,6.0
1657,83.7,184.0,138.0,6.6
1658,63.5,172.0,146.0,6.6
1659,54.9,167.0,146.0,6.7
1660,58.9,137.0,136.0,6.4
1661,66.0,160.0,141.0,6.6
1662,63.5,175.0,138.0,6.8
1663,58.4,177.0,145.0,6.9
1664,68.2,190.0,150.0,6.8
1665,63.3,184.0,149.0,6.8
1666,56.0,165.0,142.0,7.0
1667,73.4,212.0,153.0,6.9
1668,85.5,234.0,152.0,6.9
1669,64.7,181.0,139.0,6.9
1670,79.9,231.0,141.0,7.0
1671,75.0,234.0,122.0,7.3
1672,84.0,210.0,120.0,7.3
1673,63.6,176.0,127.0,7.1
1674,64.1,162.0,138.0,6.7
1675,76.2,191.0,147.0,6.7
1676,69.1,207.0,153.0,6.6
1677,64.7,202.0,148.0,6.2
1678,57.1,182.0,149.0,6.2
1679,52.5,162.0,139.0,6.2
1680,51.1,145.0,139.0,6.3
1681,84.9,214.0,150.0,6.6
1682,78.4,193.0,147.0,6.5
1683,68.5,177.0,148.0,6.5
1684,66.4,210.0,152.0,6.5
1685,75.7,228.0,151.0,6.7
1686,71.7,209.0,151.0,6.5
1687,59.6,188.0,150.0,6.5
1688,78.4,209.0,153.0,6.5
1689,66.4,197.0,152.0,6.5
1690,66.3,194.0,149.0,6.5
1691,84.7,229.0,147.0,7.2
1692,57.0,178.0,206.0,7.0
1693,60.0,159.0,192.0,7.0
1694,66.4,154.0,191.0,7.0
1695,76.7,145.0,184.0,6.9
1696,77.4,141.0,173.0,6.9
1697,83.7,207.0,201.0,6.6
1698,76.3,203.0,198.0,6.5
1699,77.3,189.0,194.0,6.5
1700,77.4,170.0,187.0,6.5
1701,76.9,136.0,163.0,6.4
1702,71.7,145.0,164.0,6.5
1703,92.9,149.0,142.0,6.6
1704,90.1,159.0,146.0,6.6
1705,73.7,155.0,137.0,6.7
1706,69.6,126.0,124.0,6.7
1707,77.9,138.0,133.0,6.7
1708,71.9,158.0,164.0,6.6
1709,63.3,156.0,177.0,6.8
1710,75.0,180.0,178.0,6.8
1711,63.5,208.0,200.0,6.7
1712,46.6,176.0,213.0,6.7
1713,62.0,120.0,179.0,6.7
1714,48.9,132.0,189.0,6.6
1715,42.3,116.0,182.0,6.6
1716,48.7,124.0,187.0,6.8
1717,48.2,144.0,192.0,6.9
1718,50.8,152.0,186.0,6.8
1719,46.5,139.0,176.0,6.9
1720,51.4,125.0,163.0,6.9
1721,44.9,137.0,163.0,6.8
1722,44.7,135.0,152.0,6.8
1723,41.7,134.0,145.0,6.8
1724,46.3,138.0,124.0,6.6
1725,39.5,145.0,124.0,6.6
1726,38.3,143.0,127.0,6.4
1727,40.8,133.0,132.0,6.2
1728,42.7,192.0,126.0,6.5
1729,39.4,180.0,122.0,6.5
1730,37.3,162.0,127.0,6.5
1731,29.5,146.0,133.0,6.3
